渔船ID,lat,lon,速度,方向,time,type
21372,23.188,117.155,2.21,91,0912 23:54:23,拖网
21372,23.193,117.143,4.37,106,0912 23:43:56,拖网
21372,23.197,117.13,4.59,108,0912 23:34:24,拖网
21372,23.199,117.117,3.51,91,0912 23:23:54,拖网
21372,23.199,117.102,1.08,158,0912 23:13:54,拖网
21372,23.197,117.09,0.59,148,0912 23:04:19,拖网
21372,23.192,117.09,1.03,346,0912 22:54:18,拖网
21372,23.191,117.088,1.62,315,0912 22:44:17,拖网
21372,23.189,117.089,3.02,40,0912 22:33:51,拖网
21372,23.194000000000006,117.096,3.08,359,0912 22:24:17,拖网
21372,23.2,117.104,3.99,233,0912 22:13:49,拖网
21372,23.205,117.114,3.62,266,0912 22:04:12,拖网
21372,23.205,117.126,2.48,265,0912 21:54:12,拖网
21372,23.206,117.136,3.51,279,0912 21:44:12,拖网
21372,23.203000000000007,117.149,4.8,342,0912 21:34:14,拖网
21372,23.189,117.143,6.21,30,0912 21:24:13,拖网
21372,23.178,117.133,5.29,30,0912 21:14:13,拖网
21372,23.168000000000006,117.121,0.81,360,0912 21:03:46,拖网
21372,23.159,117.109,5.02,50,0912 20:54:13,拖网
21372,23.15,117.097,6.42,50,0912 20:44:08,拖网
21372,23.142,117.085,5.5,50,0912 20:34:07,拖网
21372,23.137,117.071,4.91,61,0912 20:23:55,拖网
21372,23.133000000000006,117.058,5.4,71,0912 20:14:07,拖网
21372,23.129,117.045,4.91,71,0912 20:04:03,拖网
21372,23.126,117.031,4.48,81,0912 19:53:39,拖网
21372,23.122,117.018,6.48,71,0912 19:44:02,拖网
21372,23.118,117.006,9.12,71,0912 19:33:35,拖网
21372,23.111,116.995,0.49,240,0912 19:23:58,拖网
21372,23.107,116.991,0.38,274,0912 19:13:58,拖网
21372,23.106,116.992,1.08,145,0912 19:03:58,拖网
21372,23.104,116.994,2.1,323,0912 18:54:06,拖网
21372,23.102,116.994,4.8,273,0912 18:44:00,拖网
21372,23.103,117.01,5.4,252,0912 18:33:52,拖网
21372,23.107,117.025,5.02,244,0912 18:23:59,拖网
21372,23.112,117.04,2.37,254,0912 18:13:51,拖网
21372,23.116,117.056,5.29,254,0912 18:03:47,拖网
21372,23.12,117.072,5.72,260,0912 17:53:49,拖网
21372,23.126,117.088,5.07,250,0912 17:43:53,拖网
21372,23.133000000000006,117.103,5.18,236,0912 17:33:29,拖网
21372,23.141,117.118,5.02,242,0912 17:23:50,拖网
21372,23.147,117.133,1.08,242,0912 17:13:46,拖网
21372,23.153,117.148,5.72,249,0912 17:03:22,拖网
21372,23.16,117.163,5.5,247,0912 16:53:47,拖网
21372,23.167,117.179,5.5,217,0912 16:43:48,拖网
21372,23.176,117.19,5.99,268,0912 16:33:41,拖网
21372,23.183000000000003,117.221,10.09,255,0912 16:23:16,拖网
21372,23.19,117.255,10.09,263,0912 16:13:41,拖网
21372,23.195,117.291,10.09,260,0912 16:03:25,拖网
21372,23.202,117.325,10.09,246,0912 15:53:28,拖网
21372,23.211,117.357,9.88,251,0912 15:43:29,拖网
21372,23.219,117.39,10.09,260,0912 15:33:28,拖网
21372,23.229,117.423,10.09,250,0912 15:23:05,拖网
21372,23.237,117.457,10.09,247,0912 15:13:22,拖网
21372,23.246,117.49,10.09,254,0912 15:03:26,拖网
21372,23.255,117.524,10.09,244,0912 14:52:58,拖网
21372,23.264,117.557,10.09,250,0912 14:42:59,拖网
21372,23.274,117.591,10.09,248,0912 14:33:18,拖网
21372,23.283,117.623,10.09,254,0912 14:22:58,拖网
21372,23.293000000000006,117.656,10.09,252,0912 14:13:08,拖网
21372,23.302,117.688,10.09,261,0912 14:03:06,拖网
21372,23.312,117.72,7.07,222,0912 13:52:39,拖网
21372,23.321,117.753,10.09,258,0912 13:43:02,拖网
21372,23.331,117.785,10.09,252,0912 13:32:59,拖网
21372,23.34,117.816,10.09,252,0912 13:22:58,拖网
21372,23.35,117.849,2.32,222,0912 13:12:56,拖网
21372,23.358,117.881,7.72,252,0912 13:02:51,拖网
21372,23.367,117.913,8.58,257,0912 12:52:48,拖网
21372,23.377,117.945,8.9,246,0912 12:42:46,拖网
21372,23.385,117.976,9.01,262,0912 12:32:44,拖网
21372,23.394,118.007,7.02,246,0912 12:22:45,拖网
21372,23.404,118.038,5.02,241,0912 12:12:42,拖网
21372,23.411,118.068,9.77,249,0912 12:02:36,拖网
21372,23.42,118.098,7.18,254,0912 11:52:31,拖网
21372,23.43,118.127,5.61,254,0912 11:42:05,拖网
21372,23.438,118.157,10.09,264,0912 11:32:29,拖网
21372,23.446,118.187,6.8,241,0912 11:22:28,拖网
21372,23.451,118.217,10.09,242,0912 11:12:27,拖网
21372,23.456,118.246,6.91,245,0912 11:02:27,拖网
21372,23.46,118.276,10.09,252,0912 10:52:27,拖网
21372,23.465,118.305,1.78,294,0912 10:42:25,拖网
21372,23.475,118.362,10.09,285,0912 10:22:18,拖网
21372,23.479,118.386,1.4,213,0912 10:12:15,拖网
21372,23.479,118.388,1.08,320,0912 10:02:12,拖网
21372,23.48,118.39,0.7,302,0912 09:51:52,拖网
21372,23.481,118.392,1.3,359,0912 09:42:11,拖网
21372,23.482,118.394,1.89,249,0912 09:32:08,拖网
21372,23.482,118.396,1.08,260,0912 09:22:08,拖网
21372,23.483,118.397,0.92,352,0912 09:12:05,拖网
21372,23.484,118.399,1.4,221,0912 09:02:03,拖网
21372,23.484,118.401,1.89,200,0912 08:52:03,拖网
21372,23.484,118.402,1.19,243,0912 08:42:17,拖网
21372,23.48,118.402,3.18,351,0912 08:32:26,拖网
21372,23.48,118.398,1.62,282,0912 08:22:14,拖网
21372,23.481,118.396,1.03,159,0912 08:12:11,拖网
21372,23.48,118.409,5.18,311,0912 08:02:05,拖网
21372,23.467,118.407,5.88,357,0912 07:52:02,拖网
21372,23.423,118.408,5.4,10,0912 07:21:31,拖网
21372,23.408,118.407,4.59,357,0912 07:11:53,拖网
21372,23.392,118.406,5.5,351,0912 07:01:51,拖网
21372,23.377,118.405,6.1,10,0912 06:51:25,拖网
21372,23.361,118.404,6.31,201,0912 06:41:45,拖网
21372,23.345,118.404,5.4,1,0912 06:31:43,拖网
21372,23.33,118.403,9.88,346,0912 06:21:38,拖网
21372,23.314,118.405,5.4,351,0912 06:11:39,拖网
21372,23.298,118.405,6.42,358,0912 06:01:33,拖网
21372,23.283,118.405,5.5,5,0912 05:51:33,拖网
21372,23.268,118.404,5.18,4,0912 05:41:38,拖网
21372,23.253,118.405,6.48,354,0912 05:31:29,拖网
21372,23.236,118.404,4.1,359,0912 05:21:27,拖网
21372,23.233,118.403,0.11,0,0912 05:11:22,拖网
21372,23.232,118.403,0.38,313,0912 05:01:17,拖网
21372,23.232,118.403,1.03,30,0912 04:50:49,拖网
21372,23.233,118.411,4.37,269,0912 04:41:11,拖网
21372,23.233,118.425,4.7,270,0912 04:31:10,拖网
21372,23.233,118.438,3.62,249,0912 04:21:08,拖网
21372,23.233,118.452,3.08,224,0912 04:10:42,拖网
21372,23.233,118.466,4.32,274,0912 04:00:37,拖网
21372,23.233,118.479,3.4,287,0912 03:50:58,拖网
21372,23.228,118.488,3.18,10,0912 03:40:57,拖网
21372,23.218000000000004,118.484,4.32,40,0912 03:30:29,拖网
21372,23.209,118.477,1.67,10,0912 03:20:55,拖网
21372,23.204,118.468,1.89,71,0912 03:10:25,拖网
21372,23.204,118.454,4.32,100,0912 03:00:48,拖网
21372,23.206,118.442,6.69,128,0912 02:50:19,拖网
21372,23.217,118.432,3.62,151,0912 02:40:40,拖网
21372,23.23,118.425,4.32,158,0912 02:30:39,拖网
21372,23.244,118.419,5.61,172,0912 02:20:37,拖网
21372,23.259,118.415,9.28,150,0912 02:10:31,拖网
21372,23.275,118.411,5.99,164,0912 02:00:30,拖网
21372,23.289,118.406,6.58,172,0912 01:50:03,拖网
21372,23.305,118.403,5.18,186,0912 01:40:25,拖网
21372,23.321,118.4,5.99,140,0912 01:30:21,拖网
21372,23.336,118.394,5.88,143,0912 01:20:18,拖网
21372,23.341,118.382,3.18,10,0912 01:10:15,拖网
21372,23.333,118.38,3.08,242,0912 01:00:13,拖网
21372,23.324,118.377,3.18,20,0912 00:50:11,拖网
21372,23.315,118.375,2.81,10,0912 00:40:07,拖网
21372,23.307,118.374,2.81,357,0912 00:30:06,拖网
21372,23.298,118.373,2.59,0,0912 00:20:08,拖网
21372,23.288,118.373,3.51,356,0912 00:10:06,拖网
21372,23.279,118.372,3.29,10,0911 23:59:53,拖网
21372,23.27,118.37,0.32,237,0911 23:49:29,拖网
21372,23.256,118.362,7.07,10,0911 23:39:59,拖网
21372,23.252,118.369,1.78,186,0911 23:30:18,拖网
21372,23.256,118.369,1.3,179,0911 23:19:29,拖网
21372,23.258000000000006,118.366,1.62,139,0911 23:09:39,拖网
21372,23.263,118.366,4.91,198,0911 22:59:48,拖网
21372,23.276,118.368,4.59,185,0911 22:49:45,拖网
21372,23.289,118.371,4.59,183,0911 22:39:43,拖网
21372,23.301,118.374,9.01,259,0911 22:29:08,拖网
21372,23.314,118.376,4.7,190,0911 22:19:42,拖网
21372,23.326,118.378,4.21,190,0911 22:09:40,拖网
21372,23.338,118.38,4.32,177,0911 21:59:04,拖网
21372,23.35,118.381,4.32,175,0911 21:49:28,拖网
21372,23.36,118.384,4.32,208,0911 21:39:53,拖网
21372,23.371,118.389,2.21,177,0911 21:29:26,拖网
21372,23.381,118.393,3.02,50,0911 21:19:17,拖网
21372,23.392,118.395,3.78,195,0911 21:09:30,拖网
21372,23.402,118.398,4.32,194,0911 20:59:16,拖网
21372,23.412,118.4,1.03,187,0911 20:49:07,拖网
21372,23.422,118.402,1.51,181,0911 20:38:40,拖网
21372,23.432,118.404,2.91,200,0911 20:28:37,拖网
21372,23.442,118.405,3.99,149,0911 20:19:06,拖网
21372,23.452,118.407,1.4,124,0911 20:08:34,拖网
21372,23.462,118.405,3.78,144,0911 19:58:57,拖网
21372,23.471,118.403,6.21,207,0911 19:48:57,拖网
21372,23.48,118.402,5.99,174,0911 19:38:28,拖网
21372,23.483,118.38,4.1,40,0911 19:28:24,拖网
21372,23.483,118.375,0.81,277,0911 19:18:24,拖网
21372,23.48,118.375,1.03,290,0911 19:08:45,拖网
21372,23.479,118.373,0.92,81,0911 18:58:42,拖网
21372,23.475,118.376,4.91,288,0911 18:48:47,拖网
21372,23.468000000000004,118.39,5.02,313,0911 18:38:46,拖网
21372,23.456,118.399,5.18,350,0911 18:28:41,拖网
21372,23.44,118.402,5.72,355,0911 18:18:38,拖网
21372,23.424,118.402,5.77,357,0911 18:08:11,拖网
21372,23.408,118.402,5.5,1,0911 17:58:08,拖网
21372,23.392,118.402,6.31,2,0911 17:48:35,拖网
21372,23.375,118.402,5.5,2,0911 17:38:31,拖网
21372,23.359,118.401,5.72,10,0911 17:28:36,拖网
21372,23.343000000000004,118.399,5.77,354,0911 17:18:32,拖网
21372,23.328000000000007,118.399,3.51,334,0911 17:08:23,拖网
21372,23.313,118.399,5.61,356,0911 16:58:51,拖网
21372,23.298,118.4,5.72,351,0911 16:48:39,拖网
21372,23.283,118.4,5.02,348,0911 16:38:55,拖网
21372,23.243,118.404,20.18,285,0911 16:29:17,拖网
21372,23.243,118.404,4.91,5,0911 16:19:16,拖网
21372,23.243,118.404,5.02,5,0911 16:08:37,拖网
21372,23.238000000000003,118.405,0.32,257,0911 15:58:26,拖网
21372,23.238000000000003,118.404,1.51,340,0911 15:48:39,拖网
21372,23.239,118.403,4.91,142,0911 15:38:09,拖网
21372,23.254,118.401,5.72,188,0911 15:28:32,拖网
21372,23.269,118.401,5.29,180,0911 15:18:18,拖网
21372,23.284,118.403,5.61,194,0911 15:08:24,拖网
21372,23.284,118.403,5.61,194,0911 15:07:59,拖网
21372,23.299,118.402,4.91,165,0911 14:58:01,拖网
21372,23.314,118.402,5.29,182,0911 14:48:24,拖网
21372,23.33,118.401,5.29,177,0911 14:38:19,拖网
21372,23.346,118.4,5.07,177,0911 14:28:19,拖网
21372,23.362,118.402,5.5,200,0911 14:18:13,拖网
21372,23.378,118.402,5.5,176,0911 14:08:01,拖网
21372,23.396,118.403,5.72,194,0911 13:57:59,拖网
21372,23.412,118.404,6.1,170,0911 13:48:00,拖网
21372,23.429,118.407,6.31,192,0911 13:37:59,拖网
21372,23.443,118.418,6.31,218,0911 13:27:55,拖网
21372,23.448,118.433,4.48,272,0911 13:17:51,拖网
21372,23.449,118.448,3.18,301,0911 13:07:25,拖网
21372,23.449,118.464,1.08,289,0911 12:57:23,拖网
21372,23.445,118.479,1.78,265,0911 12:47:46,拖网
21372,23.435,118.477,10.09,71,0911 12:37:45,拖网
21372,23.425,118.451,9.01,61,0911 12:27:45,拖网
21372,23.429,118.449,6.48,226,0911 12:17:43,拖网
21372,23.433000000000003,118.448,2.81,119,0911 12:07:16,拖网
21372,23.435,118.448,1.62,194,0911 11:57:37,拖网
21372,23.446,118.438,3.78,145,0911 11:47:13,拖网
21372,23.458,118.426,5.88,141,0911 11:37:35,拖网
21372,23.469,118.414,6.31,111,0911 11:27:33,拖网
21372,23.489,118.387,5.99,105,0911 11:07:25,拖网
21372,23.497,118.373,5.5,123,0911 10:57:20,拖网
21372,23.507,118.36,5.5,132,0911 10:46:54,拖网
21372,23.516,118.347,5.5,146,0911 10:37:18,拖网
21372,23.525,118.333,1.4,128,0911 10:27:16,拖网
21372,23.533,118.319,2.32,113,0911 10:17:14,拖网
21372,23.541,118.305,6.42,132,0911 10:07:14,拖网
21372,23.55,118.292,5.72,132,0911 09:57:11,拖网
21372,23.559,118.279,5.5,134,0911 09:47:12,拖网
21372,23.569000000000006,118.267,5.72,143,0911 09:37:12,拖网
21372,23.589,118.241,5.02,133,0911 09:17:09,拖网
21372,23.599,118.23,2.7,133,0911 09:07:08,拖网
21372,23.601,118.222,0.32,20,0911 08:57:07,拖网
21372,23.601,118.221,1.19,116,0911 08:47:00,拖网
21372,23.602,118.22,0.49,50,0911 08:37:00,拖网
21372,23.603,118.208,6.8,106,0911 08:26:36,拖网
21372,23.603,118.191,5.99,81,0911 08:16:58,拖网
21372,23.604,118.174,5.07,71,0911 08:06:33,拖网
21372,23.603,118.157,5.61,91,0911 07:56:51,拖网
21372,23.603,118.14,2.21,112,0911 07:46:50,拖网
21372,23.604,118.125,3.29,166,0911 07:36:51,拖网
21372,23.616,118.125,3.89,232,0911 07:26:51,拖网
21372,23.624,118.136,1.89,291,0911 07:16:26,拖网
21372,23.632,118.148,3.18,220,0911 07:06:49,拖网
21372,23.64,118.159,1.51,121,0911 06:56:47,拖网
21372,23.649,118.169,3.78,231,0911 06:46:46,拖网
21372,23.657,118.18,1.67,208,0911 06:36:45,拖网
21372,23.665,118.192,4.7,229,0911 06:26:41,拖网
21372,23.694000000000006,118.216,8.8,178,0911 06:06:20,拖网
21372,23.716,118.23,9.12,213,0911 05:56:40,拖网
21372,23.74,118.235,7.99,116,0911 05:46:41,拖网
21372,23.747,118.206,10.09,91,0911 05:36:41,拖网
21372,23.747,118.186,0.59,10,0911 05:26:38,拖网
21372,23.742,118.189,0.59,10,0911 05:06:41,拖网
21372,23.735,118.182,5.99,30,0911 04:56:39,拖网
21372,23.727,118.17,5.18,61,0911 04:46:37,拖网
21372,23.717,118.159,5.5,40,0911 04:36:37,拖网
21372,23.708,118.148,5.77,61,0911 04:26:12,拖网
21372,23.697,118.139,5.29,40,0911 04:16:33,拖网
21372,23.684,118.132,5.29,20,0911 04:06:32,拖网
21372,23.672,118.126,5.07,20,0911 03:56:24,拖网
21372,23.66,118.118,5.4,40,0911 03:46:28,拖网
21372,23.655,118.104,5.88,71,0911 03:36:02,拖网
21372,23.655,118.088,2.0,108,0911 03:26:23,拖网
21372,23.654,118.073,3.72,110,0911 03:16:20,拖网
21372,23.654,118.058,5.99,91,0911 03:06:18,拖网
21372,23.655,118.043,5.61,91,0911 02:55:53,拖网
21372,23.655,118.028,3.4,91,0911 02:45:53,拖网
21372,23.659,118.013,3.62,91,0911 02:36:16,拖网
21372,23.66,117.998,5.02,91,0911 02:26:17,拖网
21372,23.662,117.983,8.47,109,0911 02:16:16,拖网
21372,23.663,117.968,4.8,115,0911 02:06:14,拖网
21372,23.669,117.957,5.18,81,0911 01:56:04,拖网
21372,23.674,117.949,0.92,187,0911 01:46:05,拖网
21372,23.675,117.95,6.48,231,0911 01:36:02,拖网
21372,23.677,117.949,0.7,265,0911 01:26:00,拖网
21372,23.677,117.95,2.21,334,0911 01:15:34,拖网
21372,23.669,117.959,3.62,313,0911 01:05:56,拖网
21372,23.665,117.972,3.89,286,0911 00:55:31,拖网
21372,23.665,117.986,1.89,320,0911 00:45:54,拖网
21372,23.665,117.999,5.07,254,0911 00:35:52,拖网
21372,23.665,118.013,3.72,273,0911 00:25:53,拖网
21372,23.665,118.027,4.21,280,0911 00:15:51,拖网
21372,23.664,118.041,4.8,295,0911 00:05:48,拖网
21372,23.663,118.056,4.48,280,0910 23:55:38,拖网
21372,23.663,118.084,4.8,259,0910 23:35:44,拖网
21372,23.664,118.099,4.59,279,0910 23:25:44,拖网
21372,23.656,118.1,4.1,30,0910 23:15:37,拖网
21372,23.638,118.084,4.8,40,0910 22:55:36,拖网
21372,23.626,118.086,4.32,306,0910 22:45:34,拖网
21372,23.621,118.098,4.21,291,0910 22:35:30,拖网
21372,23.617,118.111,4.7,293,0910 22:25:25,拖网
21372,23.612,118.138,4.1,272,0910 22:05:27,拖网
21372,23.61,118.149,1.89,233,0910 21:55:24,拖网
21372,23.606,118.156,1.67,20,0910 21:45:21,拖网
21372,23.605,118.154,0.92,216,0910 21:35:21,拖网
21372,23.606,118.154,0.32,198,0910 21:25:20,拖网
21372,23.608,118.163,4.7,278,0910 21:15:32,拖网
21372,23.607,118.193,5.07,283,0910 20:55:35,拖网
21372,23.607,118.208,5.5,272,0910 20:45:45,拖网
21372,23.607,118.224,4.91,265,0910 20:35:46,拖网
21372,23.606,118.239,0.38,300,0910 20:25:44,拖网
21372,23.598000000000006,118.253,0.92,317,0910 20:15:40,拖网
21372,23.589,118.266,6.21,1,0910 20:05:39,拖网
21372,23.578000000000007,118.277,5.29,326,0910 19:55:32,拖网
21372,23.556,118.299,5.61,308,0910 19:35:34,拖网
21372,23.545,118.311,5.77,310,0910 19:25:33,拖网
21372,23.534,118.321,3.29,313,0910 19:15:48,拖网
21372,23.522,118.332,2.37,282,0910 19:05:46,拖网
21372,23.512,118.344,3.18,314,0910 18:55:24,拖网
21372,23.506,118.357,2.32,276,0910 18:45:22,拖网
21372,23.503,118.372,2.21,272,0910 18:35:45,拖网
21372,23.501,118.386,4.91,276,0910 18:25:44,拖网
21372,23.501,118.401,4.59,271,0910 18:15:42,拖网
21372,23.501,118.416,10.09,287,0910 18:05:40,拖网
21372,23.498,118.433,10.09,281,0910 17:55:16,拖网
21372,23.494,118.435,1.08,320,0910 17:45:41,拖网
21372,23.492,118.435,1.08,280,0910 17:35:35,拖网
21372,23.49,118.435,1.19,345,0910 17:25:28,拖网
21372,23.507,118.418,2.1,121,0910 17:05:31,拖网
21372,23.515,118.404,6.48,116,0910 16:55:29,拖网
21372,23.522,118.39,0.59,119,0910 16:45:02,拖网
21372,23.529,118.376,2.0,71,0910 16:35:01,拖网
21372,23.536,118.362,3.78,116,0910 16:25:19,拖网
21372,23.552,118.335,5.02,111,0910 16:05:23,拖网
21372,23.557,118.32,5.18,81,0910 15:55:19,拖网
21372,23.564,118.307,4.91,132,0910 15:45:19,拖网
21372,23.574,118.295,1.4,301,0910 15:35:17,拖网
21372,23.583,118.284,3.18,137,0910 15:25:32,拖网
21372,23.593000000000004,118.271,6.58,135,0910 15:15:29,拖网
21372,23.602,118.26,5.18,138,0910 15:05:28,拖网
21372,23.612,118.248,5.07,120,0910 14:55:55,拖网
21372,23.622,118.234,4.32,81,0910 14:45:28,拖网
21372,23.632,118.222,3.29,159,0910 14:35:29,拖网
21372,23.641,118.21,5.77,155,0910 14:25:29,拖网
21372,23.652,118.198,3.08,133,0910 14:15:09,拖网
21372,23.662,118.183,8.9,113,0910 14:05:23,拖网
21372,23.667,118.155,10.09,104,0910 13:55:17,拖网
21372,23.686,118.137,10.09,91,0910 13:45:22,拖网
21372,23.687,118.107,10.09,81,0910 13:35:25,拖网
21372,23.689,118.102,1.19,239,0910 13:25:12,拖网
21372,23.688,118.111,3.02,347,0910 13:05:10,拖网
21372,23.675,118.115,3.02,355,0910 12:55:11,拖网
21372,23.662,118.119,4.8,357,0910 12:45:07,拖网
21372,23.65,118.12,2.48,336,0910 12:34:45,拖网
21372,23.637,118.122,5.5,4,0910 12:25:05,拖网
21372,23.625,118.125,7.61,343,0910 12:15:04,拖网
21372,23.617,118.135,2.32,323,0910 12:05:03,拖网
21372,23.614,118.15,5.5,280,0910 11:54:59,拖网
21372,23.609,118.167,7.39,293,0910 11:44:54,拖网
21372,23.601,118.168,3.99,91,0910 11:34:54,拖网
21372,23.602,118.152,4.8,105,0910 11:24:51,拖网
21372,23.607,118.137,5.5,100,0910 11:14:28,拖网
21372,23.612,118.122,5.4,130,0910 11:04:50,拖网
21372,23.617,118.106,2.91,109,0910 10:54:50,拖网
21372,23.622,118.091,4.91,128,0910 10:44:49,拖网
21372,23.63,118.074,9.88,103,0910 10:34:50,拖网
21372,23.63,118.067,0.81,190,0910 10:24:43,拖网
21372,23.631,118.071,5.07,309,0910 09:54:41,拖网
21372,23.624,118.085,5.07,304,0910 09:44:43,拖网
21372,23.619,118.099,4.21,292,0910 09:34:40,拖网
21372,23.613000000000003,118.113,5.07,310,0910 09:24:37,拖网
21372,23.609,118.128,5.77,312,0910 09:14:35,拖网
21372,23.604,118.142,4.59,283,0910 09:04:33,拖网
21372,23.601,118.157,5.29,285,0910 08:54:09,拖网
21372,23.597,118.173,4.48,257,0910 08:44:28,拖网
21372,23.603,118.186,4.37,230,0910 08:34:27,拖网
21372,23.609,118.199,1.19,136,0910 08:24:03,拖网
21372,23.612,118.213,5.99,251,0910 08:14:24,拖网
21372,23.603,118.217,7.18,355,0910 08:04:23,拖网
21372,23.602,118.2,6.21,91,0910 07:54:21,拖网
21372,23.602,118.182,1.03,202,0910 07:44:21,拖网
21372,23.603,118.165,6.1,81,0910 07:34:21,拖网
21372,23.605,118.147,3.08,91,0910 07:24:18,拖网
21372,23.609,118.132,2.59,158,0910 07:13:55,拖网
21372,23.622,118.127,1.4,178,0910 07:04:18,拖网
21372,23.648000000000003,118.123,3.99,168,0910 06:44:20,拖网
21372,23.662,118.12,5.07,172,0910 06:34:23,拖网
21372,23.688,118.057,8.31,100,0910 06:04:17,拖网
21372,23.693,118.025,8.69,20,0910 05:53:46,拖网
21372,23.691,118.022,2.0,61,0910 05:44:10,拖网
21372,23.69,118.017,1.08,71,0910 05:34:05,拖网
21372,23.694000000000006,118.016,3.89,214,0910 05:23:58,拖网
21372,23.704,118.024,1.78,20,0910 05:13:54,拖网
21372,23.723000000000006,118.042,4.32,244,0910 04:53:56,拖网
21372,23.732,118.052,4.37,237,0910 04:43:56,拖网
21372,23.74,118.062,4.1,229,0910 04:33:52,拖网
21372,23.75,118.073,4.37,220,0910 04:13:53,拖网
21372,23.758000000000006,118.083,5.5,220,0910 04:03:54,拖网
21372,23.767,118.093,4.37,239,0910 03:53:29,拖网
21372,23.774,118.104,0.32,305,0910 03:43:53,拖网
21372,23.783,118.116,5.07,237,0910 03:33:52,拖网
21372,23.792,118.127,5.29,205,0910 03:23:27,拖网
21372,23.803,118.136,1.3,172,0910 03:13:50,拖网
21372,23.811,118.148,1.3,198,0910 03:03:46,拖网
21372,23.826,118.174,4.37,239,0910 02:43:25,拖网
21372,23.831,118.19,1.62,275,0910 02:34:01,拖网
21372,23.838,118.193,0.92,348,0910 02:23:39,拖网
21372,23.838,118.192,0.22,277,0910 02:13:58,拖网
21372,23.838,118.193,1.19,61,0910 02:03:57,拖网
21372,23.838,118.193,5.4,281,0910 01:53:55,拖网
21372,23.841,118.208,5.07,255,0910 01:43:56,拖网
21372,23.846,118.223,4.91,247,0910 01:33:55,拖网
21372,23.852,118.237,1.78,251,0910 01:23:47,拖网
21372,23.857,118.251,3.99,245,0910 01:14:08,拖网
21372,23.863000000000003,118.265,5.4,260,0910 01:04:07,拖网
21372,23.868,118.281,5.72,256,0910 00:54:07,拖网
21372,23.872,118.297,6.31,236,0910 00:44:05,拖网
21372,23.88,118.312,5.18,237,0910 00:33:42,拖网
21372,23.889,118.326,5.29,238,0910 00:23:40,拖网
21372,23.898000000000003,118.339,4.7,222,0910 00:13:56,拖网
21372,23.919,118.364,5.72,227,0909 23:53:34,拖网
21372,23.929,118.377,5.02,240,0909 23:43:36,拖网
21372,23.939,118.39,5.4,240,0909 23:33:58,拖网
21372,23.95,118.403,5.72,228,0909 23:23:28,拖网
21372,23.961,118.415,5.29,238,0909 23:13:23,拖网
21372,23.972,118.427,20.18,236,0909 23:03:44,拖网
21372,23.982,118.439,3.51,202,0909 22:53:39,拖网
21372,23.997,118.452,6.58,218,0909 22:43:36,拖网
21372,24.024,118.465,10.09,190,0909 22:33:10,拖网
21372,24.051,118.477,10.09,203,0909 22:23:32,拖网
21372,24.078000000000007,118.487,3.89,199,0909 22:13:30,拖网
21372,24.105,118.499,10.09,210,0909 22:03:28,拖网
21372,24.132,118.509,10.09,180,0909 21:53:23,拖网
21372,24.154,118.527,9.77,210,0909 21:43:26,拖网
21372,24.182,118.537,10.09,200,0909 21:33:21,拖网
21372,24.208,118.55,10.09,237,0909 21:23:15,拖网
21372,24.235,118.561,9.77,201,0909 21:13:15,拖网
21372,24.262,118.57,5.72,210,0909 21:03:05,拖网
21372,24.314,118.593,8.31,193,0909 20:43:05,拖网
21372,24.339,118.604,6.91,197,0909 20:33:06,拖网
21372,24.365,118.615,10.09,202,0909 20:22:41,拖网
21372,24.39,118.627,9.77,207,0909 20:13:04,拖网
21372,24.415,118.639,9.61,192,0909 20:03:11,拖网
21372,24.441,118.65,10.09,213,0909 19:53:01,拖网
21372,24.466,118.663,10.09,213,0909 19:43:01,拖网
21372,24.49,118.678,9.77,207,0909 19:33:03,拖网
21372,24.514,118.691,9.5,200,0909 19:22:38,拖网
21372,24.539,118.702,9.12,201,0909 19:13:00,拖网
21372,24.563,118.713,9.12,199,0909 19:03:00,拖网
21372,24.588,118.722,8.69,193,0909 18:52:35,拖网
21372,24.611,118.733,9.12,201,0909 18:42:57,拖网
21372,24.634,118.744,9.77,200,0909 18:32:34,拖网
21372,24.657,118.754,9.01,192,0909 18:22:50,拖网
21372,24.703000000000007,118.777,8.69,211,0909 18:02:51,拖网
21372,24.727,118.784,8.9,204,0909 17:52:47,拖网
21372,24.75,118.794,2.0,193,0909 17:42:48,拖网
21372,24.774,118.793,8.9,155,0909 17:32:49,拖网
21372,24.787,118.777,2.81,81,0909 17:22:46,拖网
21372,24.782,118.764,7.88,334,0909 17:13:07,拖网
21372,24.776,118.765,0.32,0,0909 17:02:56,拖网
21372,24.776,118.765,0.22,261,0909 16:42:42,拖网
21372,24.776,118.765,1.08,259,0909 16:32:41,拖网
21372,24.776,118.765,0.0,143,0909 16:22:20,拖网
21372,24.776,118.765,0.22,212,0909 16:12:30,拖网
21372,24.776,118.765,0.32,114,0909 16:02:30,拖网
21372,24.777,118.766,0.0,108,0909 15:52:12,拖网
21372,24.777,118.765,0.32,20,0909 15:42:13,拖网
21372,24.777,118.765,0.81,165,0909 15:32:13,拖网
21372,24.776,118.765,0.11,193,0909 15:22:34,拖网
21372,24.777,118.765,0.32,0,0909 15:12:32,拖网
21372,24.777,118.765,0.22,9,0909 15:02:10,拖网
21372,24.776,118.765,0.32,0,0909 14:52:09,拖网
21372,24.776,118.765,0.22,288,0909 14:42:30,拖网
21372,24.776,118.765,0.0,335,0909 14:32:29,拖网
21372,24.776,118.765,0.32,180,0909 14:22:25,拖网
21372,24.776,118.765,0.11,202,0909 14:12:26,拖网
21372,24.776,118.765,0.22,209,0909 14:02:24,拖网
21372,24.776,118.765,0.0,0,0909 13:52:14,拖网
21372,24.776,118.765,0.22,244,0909 13:42:23,拖网
21372,24.776,118.765,0.22,10,0909 13:32:21,拖网
21372,24.776,118.765,0.32,7,0909 13:22:19,拖网
21372,24.776,118.765,0.22,0,0909 13:12:17,拖网
21372,24.776,118.765,0.22,174,0909 13:02:15,拖网
21372,24.776,118.765,0.49,191,0909 12:52:14,拖网
21372,24.776,118.765,0.0,5,0909 12:42:13,拖网
21372,24.776,118.765,0.32,170,0909 12:32:13,拖网
21372,24.776,118.765,0.0,168,0909 12:22:12,拖网
21372,24.776,118.765,0.32,9,0909 12:12:13,拖网
21372,24.776,118.765,0.22,61,0909 12:02:01,拖网
21372,24.776,118.765,0.0,0,0909 11:52:09,拖网
21372,24.776,118.765,0.32,0,0909 11:42:08,拖网
21372,24.776,118.765,0.32,0,0909 11:32:08,拖网
21372,24.776,118.765,0.22,0,0909 11:22:06,拖网
21372,24.776,118.765,0.11,227,0909 11:12:05,拖网
21372,24.776,118.765,0.0,324,0909 11:02:03,拖网
21372,24.776,118.765,0.0,0,0909 10:52:02,拖网
21372,24.776,118.765,0.32,244,0909 10:42:01,拖网
21372,24.776,118.765,0.11,230,0909 10:32:02,拖网
21372,24.777,118.764,0.22,30,0909 10:21:59,拖网
21372,24.776,118.765,0.32,0,0909 10:11:57,拖网
21372,24.776,118.765,0.11,218,0909 10:01:46,拖网
21372,24.776,118.765,0.0,127,0909 09:51:42,拖网
21372,24.776,118.765,0.22,30,0909 09:41:58,拖网
21372,24.776,118.765,0.11,0,0909 09:31:56,拖网
21372,24.776,118.765,0.22,281,0909 09:21:55,拖网
21372,24.776,118.765,0.32,0,0909 09:11:54,拖网
21372,24.776,118.765,0.0,322,0909 09:01:52,拖网
21372,24.776,118.765,0.11,286,0909 08:51:51,拖网
21372,24.776,118.765,0.22,213,0909 08:41:50,拖网
21372,24.776,118.765,0.11,71,0909 08:31:42,拖网
21372,24.776,118.765,0.32,0,0909 08:21:49,拖网
21372,24.776,118.765,0.11,249,0909 08:11:46,拖网
21372,24.776,118.765,0.32,180,0909 08:01:45,拖网
21372,24.776,118.765,0.11,20,0909 07:51:43,拖网
21372,24.776,118.765,0.11,0,0909 07:41:46,拖网
21372,24.776,118.765,0.22,10,0909 07:31:44,拖网
21372,24.776,118.765,0.11,61,0909 07:21:43,拖网
21372,24.776,118.765,0.0,0,0909 07:11:42,拖网
21372,24.776,118.765,0.11,0,0909 07:01:42,拖网
21372,24.776,118.765,0.32,0,0909 06:51:34,拖网
21372,24.776,118.765,0.32,0,0909 06:41:42,拖网
21372,24.776,118.765,0.0,285,0909 06:31:35,拖网
21372,24.776,118.765,0.0,40,0909 06:21:33,拖网
21372,24.776,118.765,0.22,0,0909 06:11:34,拖网
21372,24.776,118.765,0.22,344,0909 06:01:31,拖网
21372,24.776,118.765,0.22,268,0909 05:51:29,拖网
21372,24.776,118.765,0.32,292,0909 05:41:29,拖网
21372,24.776,118.765,0.22,300,0909 05:31:28,拖网
21372,24.776,118.765,0.22,283,0909 05:21:28,拖网
21372,24.776,118.765,0.22,91,0909 05:11:27,拖网
21372,24.776,118.765,0.11,0,0909 05:01:06,拖网
21372,24.776,118.765,0.11,288,0909 04:51:23,拖网
21372,24.776,118.765,0.22,0,0909 04:41:23,拖网
21372,24.776,118.765,0.0,0,0909 04:31:21,拖网
21372,24.776,118.765,0.0,0,0909 04:21:21,拖网
21372,24.776,118.765,0.22,0,0909 04:11:19,拖网
21372,24.776,118.765,0.11,0,0909 04:01:19,拖网
21372,24.776,118.765,0.0,183,0909 03:51:16,拖网
21372,24.776,118.765,0.22,229,0909 03:41:16,拖网
21372,24.776,118.765,0.0,244,0909 03:31:17,拖网
21372,24.776,118.765,0.0,0,0909 03:21:13,拖网
21372,24.776,118.765,0.22,0,0909 03:01:13,拖网
21372,24.776,118.765,0.11,0,0909 02:51:11,拖网
21372,24.776,118.765,0.11,216,0909 02:41:10,拖网
21372,24.776,118.765,0.11,152,0909 02:31:09,拖网
21372,24.776,118.765,0.22,0,0909 02:21:38,拖网
21372,24.776,118.765,0.11,129,0909 02:11:08,拖网
21372,24.776,118.765,0.0,0,0909 02:01:07,拖网
21372,24.776,118.765,0.22,0,0909 01:51:04,拖网
21372,24.776,118.765,0.22,0,0909 01:41:05,拖网
21372,24.776,118.765,0.0,0,0909 01:31:05,拖网
21372,24.776,118.765,0.0,274,0909 01:20:56,拖网
21372,24.776,118.765,0.11,0,0909 01:11:05,拖网
21372,24.776,118.765,0.11,0,0909 01:01:02,拖网
21372,24.776,118.765,0.22,357,0909 00:51:01,拖网
21372,24.776,118.765,0.11,278,0909 00:40:52,拖网
21372,24.776,118.765,0.11,0,0909 00:31:00,拖网
21372,24.776,118.765,0.22,0,0909 00:21:08,拖网
21372,24.776,118.765,0.22,147,0909 00:11:08,拖网
21372,24.776,118.765,0.32,339,0909 00:01:07,拖网
21372,24.776,118.765,0.11,113,0908 23:50:54,拖网
21372,24.776,118.765,0.32,335,0908 23:41:01,拖网
21372,24.776,118.765,0.32,0,0908 23:31:00,拖网
21372,24.776,118.765,0.11,0,0908 23:20:30,拖网
21372,24.776,118.765,0.0,0,0908 23:10:44,拖网
21372,24.776,118.765,0.0,0,0908 23:00:48,拖网
21372,24.776,118.765,0.22,267,0908 22:50:24,拖网
21372,24.776,118.765,0.11,81,0908 22:41:11,拖网
21372,24.776,118.764,0.22,91,0908 22:31:20,拖网
21372,24.776,118.764,0.22,91,0908 22:21:05,拖网
21372,24.776,118.765,0.0,0,0908 22:10:50,拖网
21372,24.776,118.765,0.22,0,0908 22:00:41,拖网
21372,24.776,118.765,0.32,283,0908 21:50:36,拖网
21372,24.776,118.765,0.0,271,0908 21:40:39,拖网
21372,24.776,118.765,0.11,312,0908 21:30:36,拖网
21372,24.776,118.765,0.11,0,0908 21:20:36,拖网
21372,24.776,118.765,0.0,0,0908 21:10:28,拖网
21372,24.776,118.765,0.0,0,0908 21:00:41,拖网
21372,24.776,118.765,0.22,0,0908 20:50:30,拖网
21372,24.776,118.765,0.22,0,0908 20:40:30,拖网
21372,24.776,118.765,2.1,10,0908 20:30:32,拖网
21372,24.777,118.764,3.99,192,0908 20:20:36,拖网
21372,24.786,118.776,9.77,278,0908 20:10:37,拖网
21372,24.766,118.793,3.4,10,0908 20:00:24,拖网
21372,24.738000000000003,118.792,10.09,10,0908 19:50:01,拖网
21372,24.71,118.785,10.09,10,0908 19:40:14,拖网
21372,24.682,118.774,10.09,20,0908 19:30:20,拖网
21372,24.653,118.763,4.59,40,0908 19:20:20,拖网
21372,24.625,118.753,4.48,20,0908 19:10:19,拖网
21372,24.598000000000006,118.739,9.5,10,0908 19:00:18,拖网
21372,24.571,118.724,10.09,20,0908 18:50:18,拖网
21372,24.544,118.709,8.31,20,0908 18:40:16,拖网
21372,24.518,118.695,10.09,20,0908 18:30:15,拖网
21372,24.491,118.681,7.61,20,0908 18:19:51,拖网
21372,24.463,118.668,10.09,20,0908 18:10:04,拖网
21372,24.436,118.653,10.09,20,0908 18:00:11,拖网
21372,24.409,118.637,10.09,20,0908 17:50:09,拖网
21372,24.38,118.623,10.09,10,0908 17:40:08,拖网
21372,24.352,118.609,10.09,20,0908 17:30:04,拖网
21372,24.324,118.593,10.09,20,0908 17:20:00,拖网
21372,24.296,118.578,10.09,20,0908 17:11:12,拖网
21372,24.268,118.565,10.09,10,0908 16:59:39,拖网
21372,24.239,118.551,10.09,20,0908 16:49:58,拖网
21372,24.211,118.536,10.09,30,0908 16:39:55,拖网
21372,24.182,118.524,10.09,20,0908 16:29:50,拖网
21372,24.153,118.51,10.09,20,0908 16:19:49,拖网
21372,24.126,118.495,10.09,30,0908 16:09:41,拖网
21372,24.097,118.481,10.09,20,0908 15:59:40,拖网
21372,24.068,118.467,10.09,10,0908 15:49:15,拖网
21372,24.04,118.453,10.09,20,0908 15:39:37,拖网
21372,24.012,118.439,10.09,20,0908 15:29:12,拖网
21372,23.983,118.425,10.09,20,0908 15:19:31,拖网
21372,23.954,118.41,10.09,20,0908 15:09:32,拖网
21372,23.924,118.396,6.31,359,0908 14:59:30,拖网
21372,23.897,118.385,10.09,20,0908 14:49:58,拖网
21372,23.866,118.375,9.39,344,0908 14:39:29,拖网
21372,23.842,118.367,8.69,20,0908 14:29:28,拖网
21372,23.815,118.354,10.09,20,0908 14:19:25,拖网
21372,23.787,118.343,10.09,20,0908 14:09:40,拖网
21372,23.759,118.331,10.09,20,0908 13:59:36,拖网
21372,23.731,118.317,10.09,20,0908 13:49:36,拖网
21372,23.704,118.303,10.09,20,0908 13:39:35,拖网
21372,23.677,118.29,10.09,20,0908 13:29:51,拖网
21372,23.651,118.276,10.09,20,0908 13:19:28,拖网
21372,23.623,118.264,10.09,10,0908 13:09:46,拖网
21372,23.606,118.254,0.0,207,0908 12:49:42,拖网
21372,23.608,118.253,0.32,310,0908 12:39:17,拖网
21372,23.602,118.262,3.18,318,0908 12:29:37,拖网
21372,23.592,118.274,2.21,342,0908 12:19:35,拖网
21372,23.582,118.285,2.1,328,0908 12:09:30,拖网
21372,23.573,118.298,5.29,313,0908 11:59:29,拖网
21372,23.564,118.311,5.07,304,0908 11:49:23,拖网
21372,23.556,118.324,3.29,2,0908 11:39:25,拖网
21372,23.549,118.338,3.62,320,0908 11:29:24,拖网
21372,23.542,118.351,5.02,290,0908 11:19:23,拖网
21372,23.538,118.366,1.19,228,0908 11:09:20,拖网
21372,23.531,118.38,5.29,304,0908 10:59:21,拖网
21372,23.522,118.392,5.18,315,0908 10:49:41,拖网
21372,23.514,118.406,5.4,297,0908 10:38:57,拖网
21372,23.506,118.418,4.91,314,0908 10:29:18,拖网
21372,23.497,118.431,5.61,50,0908 10:19:24,拖网
21372,23.492,118.414,5.29,81,0908 10:09:02,拖网
21372,23.49,118.396,4.8,50,0908 09:59:08,拖网
21372,23.493,118.378,1.51,110,0908 09:48:57,拖网
21372,23.495,118.364,0.7,177,0908 09:29:22,拖网
21372,23.497,118.363,0.92,144,0908 09:18:53,拖网
21372,23.497,118.363,2.21,168,0908 09:09:11,拖网
21372,23.504,118.355,3.78,121,0908 08:59:06,拖网
21372,23.534,118.321,5.5,174,0908 08:29:23,拖网
21372,23.547,118.331,5.4,221,0908 08:18:55,拖网
21372,23.558000000000003,118.342,6.69,211,0908 08:08:56,拖网
21372,23.57,118.352,5.07,224,0908 07:59:00,拖网
21372,23.582,118.362,5.02,229,0908 07:48:50,拖网
21372,23.594,118.371,5.61,202,0908 07:38:54,拖网
21372,23.603,118.382,4.7,337,0908 07:28:46,拖网
21372,23.576,118.374,5.18,30,0908 07:08:59,拖网
21372,23.563,118.366,5.18,40,0908 06:58:37,拖网
21372,23.551,118.355,4.37,20,0908 06:48:32,拖网
21372,23.538,118.347,10.09,30,0908 06:38:31,拖网
21372,23.524,118.341,4.1,20,0908 06:28:50,拖网
21372,23.512,118.331,10.09,71,0908 06:18:46,拖网
21372,23.508000000000006,118.319,2.21,141,0908 06:08:46,拖网
21372,23.509,118.316,0.92,145,0908 05:58:44,拖网
21372,23.51,118.314,1.89,190,0908 05:48:21,拖网
21372,23.514,118.324,4.7,246,0908 05:38:43,拖网
21372,23.517,118.338,4.7,244,0908 05:28:41,拖网
21372,23.518,118.352,5.72,261,0908 05:18:34,拖网
21372,23.519,118.367,5.61,286,0908 05:08:34,拖网
21372,23.522,118.381,1.89,246,0908 04:58:33,拖网
21372,23.524,118.395,2.1,273,0908 04:48:11,拖网
21372,23.526,118.409,5.02,251,0908 04:38:32,拖网
21372,23.526,118.423,3.51,256,0908 04:28:29,拖网
21372,23.528,118.437,3.99,274,0908 04:18:27,拖网
21372,23.53,118.452,5.5,222,0908 04:08:25,拖网
21372,23.53,118.467,6.8,270,0908 03:58:23,拖网
21372,23.522,118.477,6.8,40,0908 03:48:41,拖网
21372,23.517,118.461,5.72,71,0908 03:38:43,拖网
21372,23.518,118.443,4.8,91,0908 03:28:35,拖网
21372,23.517,118.426,5.72,81,0908 03:18:17,拖网
21372,23.516,118.408,5.5,81,0908 03:08:37,拖网
21372,23.515,118.39,5.29,81,0908 02:58:37,拖网
21372,23.519,118.374,9.5,100,0908 02:48:31,拖网
21372,23.513,118.367,4.48,9,0908 02:38:25,拖网
21372,23.51,118.365,0.81,61,0908 02:28:08,拖网
21372,23.508000000000006,118.363,1.3,1,0908 02:18:25,拖网
21372,23.509,118.358,7.88,124,0908 02:08:20,拖网
21372,23.521,118.328,5.02,107,0908 01:48:11,拖网
21372,23.536,118.303,5.02,176,0908 01:28:16,拖网
21372,23.549,118.302,5.18,178,0908 01:17:51,拖网
21372,23.561,118.294,2.0,135,0908 01:08:11,拖网
21372,23.571,118.282,5.02,136,0908 00:58:11,拖网
21372,23.58,118.271,5.02,123,0908 00:48:23,拖网
21372,23.599,118.26,5.29,301,0908 00:28:03,拖网
21372,23.59,118.273,5.4,314,0908 00:18:03,拖网
21372,23.58,118.285,4.48,314,0908 00:08:24,拖网
